{
  "generated_at": "2026-07-03T18:15:47.085984+00:00",
  "dataset": {
    "path": "A:\\Aayush,s Stuff\\AI LAB\\Project\\scam-detection-ai\\car game\\New folder\\spam.csv",
    "total_rows": 5572,
    "class_distribution": {
      "ham": 4825,
      "spam": 747
    },
    "train_size": 4457,
    "test_size": 1115,
    "random_state": 42,
    "test_size_pct": 0.2
  },
  "models": [
    {
      "algorithm": "multinomial_nb",
      "algorithm_label": "MultinomialNB",
      "metrics": {
        "accuracy": 0.9856502242152466,
        "precision": 0.9925925925925926,
        "recall": 0.8993288590604027,
        "f1": 0.9436619718309859
      },
      "per_class": {
        "ham": {
          "precision": 0.9846938775510204,
          "recall": 0.9989648033126294,
          "f1": 0.9917780061664954,
          "support": 966
        },
        "spam": {
          "precision": 0.9925925925925926,
          "recall": 0.8993288590604027,
          "f1": 0.9436619718309859,
          "support": 149
        }
      },
      "aggregates": {
        "macro_avg": {
          "precision": 0.9886432350718065,
          "recall": 0.9491468311865161,
          "f1": 0.9677199889987407,
          "support": 1115
        },
        "weighted_avg": {
          "precision": 0.9857494009063515,
          "recall": 0.9856502242152466,
          "f1": 0.9853481504570866,
          "support": 1115
        }
      },
      "train_size": 4457,
      "test_size": 1115,
      "duration_seconds": 0.10470169998006895,
      "artifact_path": "A:\\Aayush,s Stuff\\AI LAB\\Project\\scam-detection-ai\\car game\\New folder\\artifacts\\model_multinomial_nb_1783102545901.joblib",
      "confusion_matrix_path": "A:\\Aayush,s Stuff\\AI LAB\\Project\\scam-detection-ai\\car game\\New folder\\artifacts\\confusion_matrix_multinomial_nb.png",
      "roc_auc": 0.9887517890144094,
      "roc_curve_path": "A:\\Aayush,s Stuff\\AI LAB\\Project\\scam-detection-ai\\car game\\New folder\\artifacts\\roc_curve_multinomial_nb.png",
      "roc_curve_points": {
        "fpr": [
          0.0,
          0.0,
          0.0,
          0.0,
          0.0,
          0.0,
          0.0,
          0.0,
          0.0,
          0.0,
          0.0,
          0.0,
          0.0,
          0.0,
          0.0,
          0.0010351966873706005,
          0.0010351966873706005,
          0.002070393374741201,
          0.002070393374741201,
          0.003105590062111801,
          0.003105590062111801,
          0.008281573498964804,
          0.012422360248447204,
          0.028985507246376812,
          0.028985507246376812,
          0.030020703933747412,
          0.030020703933747412,
          0.031055900621118012,
          0.031055900621118012,
          0.032091097308488616,
          0.032091097308488616,
          0.09627329192546584,
          0.09627329192546584,
          0.09730848861283643,
          0.09937888198757763,
          0.11490683229813664,
          0.11490683229813664,
          0.16252587991718426,
          0.16459627329192547,
          0.18115942028985507,
          0.18322981366459629,
          0.1997929606625259,
          0.1997929606625259,
          0.21325051759834368,
          0.2163561076604555,
          0.2494824016563147,
          0.2515527950310559,
          0.2650103519668737,
          0.2670807453416149,
          0.2981366459627329,
          0.3002070393374741,
          0.35093167701863354,
          0.3530020703933747,
          0.35921325051759834,
          0.3612836438923395,
          0.3695652173913043,
          0.37163561076604557,
          0.4730848861283644,
          0.4751552795031056,
          0.5300207039337475,
          0.5300207039337475,
          0.5445134575569358,
          0.546583850931677,
          0.546583850931677,
          0.6635610766045549,
          0.6656314699792961,
          0.7339544513457557,
          0.7360248447204969,
          0.7619047619047619,
          0.7639751552795031,
          0.7732919254658385,
          0.7753623188405797,
          0.7784679089026915,
          0.7805383022774327,
          0.8985507246376812,
          0.9006211180124224,
          0.9368530020703933,
          0.9440993788819876,
          1.0
        ],
        "tpr": [
          0.0,
          0.006711409395973154,
          0.06040268456375839,
          0.0738255033557047,
          0.18120805369127516,
          0.19463087248322147,
          0.2483221476510067,
          0.26174496644295303,
          0.2751677852348993,
          0.28859060402684567,
          0.3624161073825503,
          0.3825503355704698,
          0.4228187919463087,
          0.4429530201342282,
          0.8187919463087249,
          0.8187919463087249,
          0.8993288590604027,
          0.8993288590604027,
          0.9060402684563759,
          0.9060402684563759,
          0.9261744966442953,
          0.9261744966442953,
          0.9328859060402684,
          0.9328859060402684,
          0.9395973154362416,
          0.9395973154362416,
          0.9463087248322147,
          0.9463087248322147,
          0.9530201342281879,
          0.9530201342281879,
          0.9664429530201343,
          0.9664429530201343,
          0.9731543624161074,
          0.9731543624161074,
          0.9731543624161074,
          0.9731543624161074,
          0.9798657718120806,
          0.9798657718120806,
          0.9798657718120806,
          0.9798657718120806,
          0.9798657718120806,
          0.9798657718120806,
          0.9865771812080537,
          0.9865771812080537,
          0.9865771812080537,
          0.9865771812080537,
          0.9865771812080537,
          0.9865771812080537,
          0.9865771812080537,
          0.9865771812080537,
          0.9865771812080537,
          0.9865771812080537,
          0.9865771812080537,
          0.9865771812080537,
          0.9865771812080537,
          0.9865771812080537,
          0.9865771812080537,
          0.9865771812080537,
          0.9865771812080537,
          0.9865771812080537,
          0.9932885906040269,
          0.9932885906040269,
          0.9932885906040269,
          1.0,
          1.0,
          1.0,
          1.0,
          1.0,
          1.0,
          1.0,
          1.0,
          1.0,
          1.0,
          1.0,
          1.0,
          1.0,
          1.0,
          1.0,
          1.0
        ]
      },
      "trained_at": "2026-07-03T18:15:46.217505+00:00"
    },
    {
      "algorithm": "complement_nb",
      "algorithm_label": "ComplementNB",
      "metrics": {
        "accuracy": 0.9829596412556054,
        "precision": 0.9452054794520548,
        "recall": 0.9261744966442953,
        "f1": 0.9355932203389831
      },
      "per_class": {
        "ham": {
          "precision": 0.9886480908152735,
          "recall": 0.9917184265010351,
          "f1": 0.9901808785529715,
          "support": 966
        },
        "spam": {
          "precision": 0.9452054794520548,
          "recall": 0.9261744966442953,
          "f1": 0.9355932203389831,
          "support": 149
        }
      },
      "aggregates": {
        "macro_avg": {
          "precision": 0.9669267851336641,
          "recall": 0.9589464615726653,
          "f1": 0.9628870494459774,
          "support": 1115
        },
        "weighted_avg": {
          "precision": 0.9828427553057492,
          "recall": 0.9829596412556054,
          "f1": 0.9828862049441067,
          "support": 1115
        }
      },
      "train_size": 4457,
      "test_size": 1115,
      "duration_seconds": 0.09981290000723675,
      "artifact_path": "A:\\Aayush,s Stuff\\AI LAB\\Project\\scam-detection-ai\\car game\\New folder\\artifacts\\model_complement_nb_1783102546341.joblib",
      "confusion_matrix_path": "A:\\Aayush,s Stuff\\AI LAB\\Project\\scam-detection-ai\\car game\\New folder\\artifacts\\confusion_matrix_complement_nb.png",
      "roc_auc": 0.9887517890144094,